{
  "metadata": {
    "timestamp": "2025-10-04T21:54:51.814700",
    "git_commit": "24b11745a6a46a99d1515d1a38b410d121cd46f0",
    "equation": "boussinesq_2d",
    "grid_size": 64
  },
  "initial": {
    "energy": 992.25
  },
  "funnel": {
    "lambda_0": 1.3992015968063871,
    "lambda_1": 1.254861482784107,
    "final_lambda": 1.3992015968063871,
    "residual_history": [
      0.0007376756777111046,
      1.7842741489188256e-05
    ]
  },
  "training": {
    "stage1_final": 5.477259522407774e-08,
    "stage2_final": 4.9625172285466354e-08,
    "stage1_history": [
      5.237812299412884e-06,
      4.24318982845244e-05,
      8.458424900174994e-06,
      6.376723868703278e-06,
      9.395460008702554e-07,
      1.0098780144695548e-06,
      5.077477087650437e-07,
      2.0814256137829522e-07,
      1.8782652435246941e-07,
      1.5213901473155134e-07,
      1.0195240495842807e-07,
      7.914461268970443e-08,
      6.698914912485075e-08,
      5.993374700672386e-08,
      5.7968761184930825e-08
    ],
    "stage2_history": [
      4.75931918484049e-08,
      1.056424757926425e-06,
      3.691048949831409e-07,
      3.201688160101075e-07,
      3.249396450940923e-07,
      1.7735377824302556e-07,
      1.3500398722205555e-07,
      1.1170053340673573e-07,
      7.928431084452165e-08,
      5.7463773657706374e-08,
      6.273209938727548e-08,
      4.563821249241623e-08,
      4.4352286790898225e-08,
      4.41356549523609e-08,
      4.6016230247776063e-08,
      4.578144489270382e-08
    ]
  },
  "final": {
    "initial_energy": 992.25,
    "final_energy": 4.8893743559672656,
    "violation": 0.9950724370310232
  }
}