{
  "metadata": {
    "timestamp": "2025-10-04T21:52:29.213268",
    "git_commit": "24b11745a6a46a99d1515d1a38b410d121cd46f0",
    "git_branch": "main",
    "torch_version": "2.8.0+cpu",
    "device": "cpu",
    "precision": "torch.float64",
    "grid_size": 16
  },
  "stage1": {
    "initial_mass": 861.2700595647266,
    "boundary_error": 0.0,
    "alpha": 0.5,
    "scale_factor": 0.9486832980505138
  },
  "stage2": {
    "stage1_final": 3.016697895083919e-07,
    "stage2_final": 1.9723630892265148e-07,
    "stage1_history": [
      0.0013335692172567382,
      7.488094716419315e-05,
      1.779584448785988e-05,
      2.347035491740543e-05,
      5.276722276339371e-06,
      2.3066945730224413e-06,
      1.5789012216130402e-06,
      1.5217697879237555e-06,
      1.0992752482297136e-06,
      9.156975210876494e-07,
      8.691322933671368e-07,
      7.007145065227214e-07,
      6.402286802532098e-07,
      5.778197279450485e-07,
      4.310879864859865e-07,
      4.44179683099929e-07,
      4.0569934658040905e-07,
      3.820807853774203e-07,
      3.7265800695158346e-07,
      3.233193132225531e-07
    ],
    "stage2_history": [
      3.167171184161903e-07,
      4.404415542559425e-06,
      2.9130094230225695e-06,
      2.0310310928458092e-06,
      8.937727671334137e-07,
      4.718445647304775e-07,
      2.7174316584852094e-07,
      2.496924063608007e-07,
      2.7817145818578387e-07,
      2.4336858820452114e-07,
      2.597827348952019e-07,
      2.466566520286493e-07,
      2.1088544465873196e-07,
      2.0873297269688807e-07,
      2.302556183613069e-07,
      2.3629351859741812e-07,
      2.2841466305977296e-07,
      1.9588206148339468e-07,
      1.9919203167098796e-07,
      1.6685452137270083e-07
    ]
  },
  "stage3": {},
  "funnel": {
    "lambda_0_predicted": 0.47209895194032675,
    "lambda_1_predicted": 0.3063631628932937,
    "iterations": 1,
    "final_lambda": 0.47209895194032675,
    "final_residual": 9.320803873600666e-05,
    "lambda_history": [
      0.47209895194032675
    ],
    "residual_history": [
      9.320803873600666e-05
    ]
  },
  "final": {
    "initial_mass": 861.2700595647266,
    "final_mass": -240.02428716685557,
    "conservation_violation": 1.2786864404506995
  }
}